<?xml version="1.0" encoding="UTF-8"?>
<project-private xmlns="http://www.netbeans.org/ns/project-private/1">
    <editor-bookmarks xmlns="http://www.netbeans.org/ns/editor-bookmarks/2" lastBookmarkId="0"/>
    <open-files xmlns="http://www.netbeans.org/ns/projectui-open-files/2">
        <group>
            <file>file:/home/viktoriia/NetBeansProjects/equipos/web/grabaEquipos.jsp</file>
            <file>file:/home/viktoriia/NetBeansProjects/equipos/web/formularioEquipos.jsp</file>
            <file>file:/home/viktoriia/NetBeansProjects/equipos/web/equipos(3).sql</file>
            <file>file:/home/viktoriia/NetBeansProjects/equipos/web/estilos.css</file>
            <file>file:/home/viktoriia/NetBeansProjects/equipos/web/pideNumeroEquipos.jsp</file>
        </group>
    </open-files>
</project-private>
